"","CV_t","RN","RNN","D_slope","RC","gPi","PPF","PPi","PImd","PILSM","RTR","PIR","RDPI","ESPI","ESPIID","PSI","RPI","PQ","PR","NRW","ESP","CEV","PFI","APC","SI","RSI","EVS","min","max","mean","median","slope","range","variance","mean_lower","mean_upper"
"1",0.114597544962184,2.49378210359113,1.59572366747649,9.15685616162369,1.24859145060183,0.114597544962184,16.00702846443,0.244516777118773,0.244516777118773,0.244516777118773,0.244516777118773,0.294479564884447,0.0724092082980987,2.38662740382745,2.47592298696385,0.286222772442545,0.0724092082980987,2.38662740382745,9.54650961530981,9.54650961530981,0.453137018196669,11.4597544962184,0.155138043175707,2.38662740382745,0.45848554570836,0.885402455037816,6.40266325509453,29.4958404753452,39.0423500906551,34.9120234815822,35.340642280637,2.49378210359113,9.54650961530981,16.0066581377363,30.9570409266682,37.5486785181916
"2",0.0811711171331922,-1.28866222108888,0.824590409327723,4.17808454493662,1.16895634075169,0.0811711171331922,9.44801113882654,0.174508753369716,0.174508753369716,0.174508753369716,-0.174508753369716,0.211399883502186,0.0502521318844287,1.23329001627647,1.27943352028682,0.436936473537029,0.0502521318844287,1.23329001627647,4.93316006510589,4.93316006510589,0.320963577304947,8.11711171331922,0.109886544939378,1.23329001627647,0.167815646626434,0.918828882866808,1.70970761711434,23.3356801497712,28.268840214877,25.4700269534496,25.2485381342,-1.28866222108888,4.93316006510589,4.27426904278586,27.5137646947078,24.1075351259442
"3",0.190973416058078,2.05403882644062,1.3143403204903,7.54217381583666,1.45282684201542,0.190973416058078,29.192601297375,0.380642210913238,0.380642210913238,0.380642210913238,0.380642210913238,0.517260609995715,0.122112758953734,1.965779345617,2.03932891297002,0.327435260921507,0.122112758953734,1.965779345617,7.86311738246801,7.86311738246801,0.755139425857203,19.0973416058078,0.25853295614323,1.965779345617,0.629322698320691,0.809026583941923,4.34371127580965,12.7943850096151,20.6575023920831,17.2555005857908,17.6085385090853,2.05403882644062,7.86311738246801,10.8592781895241,13.9979233844826,19.4272187199963
"4",0.128917213830189,2.67118968480584,1.70924339950374,9.80827462389644,1.28419132455351,0.128917213830189,18.2959262474855,0.271481873132493,0.271481873132493,0.271481873132493,0.271481873132493,0.334491831116262,0.0816243569542782,2.55641200303684,2.65206007117767,0.272391264373714,0.0816243569542782,2.55641200303684,10.2256480121474,10.2256480121474,0.509759278774347,12.8917213830189,0.174523496920281,2.55641200303684,0.552468436113181,0.871082786169811,7.34603699192937,27.4403953746863,37.6660433868336,33.241885471374,33.70099619845,2.67118968480584,10.2256480121474,18.3650924798234,29.0055455806272,36.0661120652051
"5",0.137324276455788,-1.50423087867044,0.962528687244493,4.87699855193933,1.30305587019859,0.137324276455788,15.3143126297939,0.276306955313095,0.276306955313095,0.276306955313095,-0.276306955313095,0.381801313888039,0.0847280377783216,1.43959595810257,1.49345839190913,0.399324203098607,0.0847280377783216,1.43959595810257,5.75838383241029,5.75838383241029,0.543002148778358,13.7324276455788,0.185904676552196,1.43959595810257,0.331400874343057,0.862675723544212,2.32955330365469,15.0821477636374,20.8405315960477,17.5735301564353,17.3149904741638,-1.50423087867044,5.75838383241029,5.82388325913674,19.9591463155767,15.9831193836744
"6",0.0211830575584926,-0.225943889927837,0.144577191471678,0.73255245562541,1.04156920567159,0.0211830575584925,2.59169854987965,0.0491364700873262,0.0491364700873262,0.049136470087326,-0.0491364700873262,0.0516756280386932,0.0131774121503104,0.216235363407501,0.224325802174448,0.815698017026589,0.0131774121503104,0.216235363407501,0.864941453630003,0.864941453630003,0.0837611969917086,2.11830575584926,0.0286768630094767,0.216235363407501,0.00767858292116151,0.978816942441507,0.0525587291908601,16.7378992081598,17.6028406617898,17.1121187758528,17.0732846697714,-0.225943889927837,0.864941453630003,0.13139682297715,17.4704516637852,16.8732301838978
"7",0.00453809320078902,0.0683069184520788,0.0437082960333055,0.250814466191226,1.00876842056336,0.00453809320078902,0.568057132050911,0.0107779901433635,0.0107779901433635,0.0107779901433635,0.0107779901433635,0.0108592018288614,0.00282993302263982,0.0653718555498406,0.0678177413017059,0.936060585893189,0.00282993302263982,0.0653718555498406,0.261487422199362,0.261487422199362,0.0179443462072655,0.453809320078902,0.00614350769164987,0.0653718555498406,0.000497313140943973,0.995461906799211,0.00480366861626044,23.9997541192369,24.2612415414363,24.14810820775,24.159848459359,0.0683069184520788,0.261487422199362,0.0120091715406511,24.0397777042674,24.2203285434051
"8",0.208347606111013,1.57811017159343,1.00980263956128,5.79462328631963,1.50470940225388,0.208347606111013,32.5743133596307,0.409141874577409,0.409141874577409,0.409141874577409,0.409141874577409,0.571342903670586,0.133629705533097,1.51030075015778,1.56680860135416,0.387881018824707,0.133629705533097,1.51030075015778,6.0412030006311,6.0412030006311,0.823839751651854,20.8347606111013,0.282053511033517,1.51030075015778,0.527494170827193,0.791652393888987,2.56400159585366,8.72434258638779,14.7655455870189,12.1518006153173,12.4230383010599,1.57811017159343,6.0412030006311,6.41000398963416,9.64901651505582,13.8203233488249
"9",0.0322677699336153,-0.406664728648056,0.260217013867056,1.31848329991362,1.06399829695255,0.0322677699336153,3.91030998824552,0.073772524128776,0.073772524128776,0.073772524128776,-0.073772524128776,0.0796483866551081,0.020053214662932,0.38919085358896,0.403752416138207,0.710901453369844,0.0200532146629321,0.38919085358896,1.55676341435584,1.55676341435584,0.127591922291176,3.22677699336153,0.0436829487647127,0.38919085358896,0.0210521903865744,0.967732230066385,0.170261582479691,19.545448184618,21.1022115989739,20.2189866414414,20.149091141205,-0.406664728648056,1.55676341435584,0.425653956199229,20.8639314845317,19.7890234127145
"10",0.0844811047230724,1.36795592125403,0.875328937707199,5.02296314835463,1.17730808790777,0.0844811047230724,11.4273659834361,0.185412167502542,0.185412167502542,0.185412167502543,0.185412167502542,0.212788062623559,0.0531641464790813,1.30917656526264,1.35815936192213,0.422305158227108,0.0531641464790813,1.30917656526264,5.23670626105057,5.23670626105057,0.334051797538995,8.44811047230723,0.114367487334779,1.30917656526264,0.185405886600554,0.915518895276928,1.92658360554614,23.0068892461255,28.243595507176,25.977918512599,26.2130359365646,1.36795592125403,5.23670626105057,4.81645901386536,23.8084259187352,27.4242469085083
"11",0.057256533702023,0.628524240003447,0.402180689287931,2.30786244376266,1.11674133277142,0.057256533702023,7.53406375309863,0.128996630511149,0.128996630511149,0.128996630511149,0.128996630511149,0.141677918681414,0.0359106063048783,0.6015173390658,0.624023089847173,0.614052880169523,0.0359106063048783,0.6015173390658,2.4060693562632,2.4060693562632,0.226401490211446,5.7256533702023,0.0775118402448056,0.6015173390658,0.0577349660574826,0.942743466297977,0.406712683444006,16.2461182763064,18.6521876325696,17.6111943600639,17.7192219638144,0.628524240003447,2.4060693562632,1.01678170861002,16.6143941981834,18.2757278013175
"12",0.0807306952775694,1.3223755863234,0.846162949581929,4.85559785603123,1.16875411201417,0.0807306952775693,10.8777845295014,0.177814311294846,0.177814311294846,0.177814311294846,0.177814311294846,0.202841124919646,0.0507796190689946,1.26555476034857,1.31290544866093,0.430593572326999,0.0507796190689946,1.26555476034857,5.06221904139426,5.06221904139426,0.319222078859483,8.07306952775694,0.109290317639084,1.26555476034857,0.171271596632491,0.919269304722431,1.80033489153555,23.4069126304668,28.469131671861,26.2789471070129,26.5062304109122,1.3223755863234,5.06221904139426,4.50083722883888,24.1817420755781,27.6770837946361
"13",0.0473179602625166,-0.770747986243471,0.49318695548318,2.49890948664875,1.09522981432747,0.0473179602625167,5.66163539448715,0.106109741424302,0.106109741424302,0.106109741424302,-0.106109741424302,0.118705557428688,0.0293691664617004,0.737629908709572,0.765228306654488,0.564733100231522,0.0293691664617004,0.737629908709572,2.95051963483829,2.95051963483829,0.187102781543711,4.73179602625166,0.0640573562427977,0.737629908709572,0.058510019758906,0.952682039737483,0.611601371251028,24.8557834927889,27.8063031276272,26.1323348450046,25.9998625348691,-0.770747986243471,2.95051963483829,1.52900342812757,27.3546929794377,25.3174294220493
"14",0.0490761285252638,0.36227968822514,0.231815871929772,1.33024573020169,1.09921173798903,0.0490761285252638,6.40594020451284,0.111455239005545,0.111455239005545,0.111455239005545,0.111455239005545,0.120797249952454,0.030750498191723,0.346712982871716,0.359685237332902,0.734063649809578,0.030750498191723,0.346712982871716,1.38685193148686,1.38685193148686,0.194054860005184,4.90761285252638,0.066437501331824,0.346712982871716,0.0285237165026878,0.950923871474736,0.13512372954947,11.0562772014368,12.4431291329237,11.8431033993008,11.9053702207145,0.36227968822514,1.38685193148686,0.337809323873674,11.2685504562562,12.2261386946638
"15",0.291437610506565,-2.07393607676478,1.32707219197749,6.72408962388581,1.77054826886179,0.291437610506565,29.3657212606004,0.498665811021358,0.498665811021358,0.498665811021358,-0.498665811021358,0.994677446669415,0.179132468423101,1.98482163596629,2.05908366996503,0.325315808470704,0.179132468423101,1.98482163596629,7.93928654386518,7.93928654386518,1.15239091604349,29.1437610506565,0.394537776674988,1.98482163596629,0.969689727039579,0.708562389493435,4.42827298744772,7.98176994004352,15.9210564839087,11.4167265671852,11.0602688039912,-2.07393607676478,7.93928654386518,11.0706824686193,14.7058595639293,9.22397123602242
"16",0.081389986420703,1.67117115098833,1.06935058768597,6.13633157003529,1.17025283369756,0.081389986420703,10.9740794063388,0.179153883823797,0.179153883823797,0.179153883823797,0.179153883823797,0.204586165643284,0.0511986146492062,1.5993630155943,1.65920312842266,0.374367625088344,0.0511986146492062,1.5993630155943,6.39745206237721,6.39745206237721,0.321829021467387,8.1389986420703,0.110182842325041,1.5993630155943,0.2182145660358,0.918610013579297,2.87531554883595,29.3118048391884,35.7092569015656,32.9413796827411,33.2286122243173,1.67117115098833,6.39745206237721,7.18828887208987,30.2910066854706,34.7082950142549
"17",0.179342242143927,-2.53394633442334,1.62142399375303,8.21552913113817,1.41446485723816,0.179342242143927,19.4120755450167,0.344334185207568,0.344334185207568,0.344334185207568,-0.344334185207568,0.52516720780475,0.110449180550677,2.42506582786609,2.51579958333046,0.282969775250755,0.110449180550677,2.42506582786609,9.70026331146435,9.70026331146435,0.709147904247169,17.9342242143927,0.242787090370336,2.42506582786609,0.729074382608882,0.820657757856073,6.6105634610681,18.4708092342863,28.1710725457507,22.667657850675,22.232135824446,-2.53394633442334,9.70026331146435,16.5264086526703,26.6863383654245,19.9885375075087
"18",0.354465927025616,-1.14492997430275,0.732618882366344,3.71207765105968,2.01979771603265,0.354465927025616,34.464325417892,0.571540735606044,0.571540735606044,0.571540735606044,-0.571540735606044,1.33394416483087,0.218060410058258,1.09573376446943,1.13673060599719,0.466215686283684,0.218060410058259,1.09573376446943,4.3829350578777,4.3829350578777,1.40161495848544,35.4465927025616,0.479863249333685,1.09573376446943,0.651096335814093,0.645534072974384,1.34958891904831,3.28569603843458,7.66863109631228,5.1819863083735,4.98520146904022,-1.14492997430275,4.3829350578777,3.37397229762078,6.99777368949426,3.97146138762633
"19",0.146668664232142,2.0373974325096,1.30369180949276,7.48106869749618,1.32995927413242,0.146668664232142,21.2426488253499,0.303948080501619,0.303948080501619,0.303948080501619,0.303948080501619,0.385184564259805,0.0931106702660707,1.94985301158145,2.02280669568824,0.329229224103797,0.0931106702660707,1.94985301158145,7.7994120463258,7.7994120463258,0.579951352317122,14.6668664232142,0.198554773330246,1.94985301158145,0.479407608310789,0.853331335767858,4.27361270816701,17.8609311065379,25.6603431528637,22.2859036552697,22.6360813389823,2.0373974325096,7.7994120463258,10.6840317704175,19.054718664649,24.4400269823502
"20",0.0371049371040954,0.466334993248245,0.298398879608259,1.71232380333339,1.07408943600777,0.0371049371040955,4.78763532826864,0.0852708621722071,0.0852708621722071,0.0852708621722075,0.0852708621722071,0.0906334183047728,0.0232179679100455,0.446297161507108,0.462995354624721,0.681972403717098,0.0232179679100455,0.446297161507108,1.78518864602843,1.78518864602843,0.146718854799838,3.71049371040954,0.0502313320620137,0.446297161507108,0.0277601326005568,0.962895062895905,0.223892561142016,19.1503173469002,20.9355059929286,20.1631386603612,20.2432899873257,0.466334993248245,1.78518864602843,0.55973140285504,19.4235605070065,20.6561907625976
"21",0.105004652335283,0.23648097266374,14.50045639726,2.18705377192229,1.21797641822231,0.105004652335283,12.7187181573632,0.194460188908048,0.194460188908048,0.194460188908048,0.00910413580757399,0.195482894996712,0.0608990319579344,0.554218698877065,0.804887591624785,0.808746775816298,0.0608990319579344,0.554218698877065,2.21687479550826,2.21687479550826,0.457672875515661,10.5004652335283,0.12885169155648,1.08249027546649,0.116231128997769,0.894995347664717,0.490103519473227,9.18327249405608,11.4001472895643,10.5415718598637,11.2963588004138,0.23648097266374,2.21687479550826,1.22525879868307,10.2398156472349,10.7427426682829
"22",0.0785545771733077,-0.468822593791938,28.7470975053744,4.09330579505162,1.15343549911292,0.0785545771733078,8.61108860790148,0.143493366762875,0.143493366762875,0.143493366762875,-0.00671799768287272,0.143493366762875,0.0439580197493835,1.09873638038947,1.59568646968077,0.680817414047521,0.0439580197493835,1.09873638038947,4.39494552155787,4.39494552155787,0.342387679214707,7.85545771733077,0.0963946827419161,2.14603269338026,0.172384312273214,0.921445422826692,1.92624924645877,26.2332683165116,30.6282138380694,27.9353907130167,26.4390285861062,-0.468822593791938,4.39494552155787,4.81562311614692,28.5336212120878,27.5365703803026
"23",0.0291301118569427,0.176353443839335,10.8135779132431,1.63097462005424,1.05530705354127,0.0291301118569427,3.36159761962349,0.0570513417946205,0.0570513417946205,0.0570513417946206,0.0026709999955218,0.0571390439382568,0.0166385100249882,0.413303341432472,0.600237292191847,0.85008464525444,0.0166385100249882,0.413303341432472,1.65321336572989,1.65321336572989,0.12696639397548,2.91301118569427,0.0357456941623085,0.807256862363099,0.0240460535114062,0.970869888143057,0.272560743500003,27.3244287672334,28.9776421329633,28.3373676444156,28.9002428509559,0.176353443839335,1.65321336572989,0.681401858750009,28.1123358090947,28.4873888679629
"24",0.102953067019652,-0.363189731624092,22.2699391330574,3.1710217315591,1.20507167113666,0.102953067019652,11.1838744068005,0.183062452181991,0.183062452181991,0.183062452181991,-0.00857052250792806,0.183062452181991,0.0573540736744155,0.851174359775789,1.23615403428434,0.733573600799214,0.0573540736744155,0.851174359775789,3.40469743910316,3.40469743910316,0.448730843616234,10.2953067019652,0.126334181785129,1.66249888185041,0.175021161743981,0.897046932980348,1.15601252051936,15.1938594933604,18.5985569324636,16.5124678210393,15.3532588441651,-0.363189731624092,3.40469743910316,2.89003130129841,16.9759078883143,16.2035077761893
"25",0.0708906851761076,-0.217065378577146,13.3099378861581,1.89520510274133,1.13762706800976,0.0708906851761077,7.79460183202519,0.130614310419187,0.130614310419187,0.130614310419187,-0.00611503273315858,0.130614310419187,0.0397256802699504,0.50871615729247,0.738804597342856,0.821648547072374,0.0397256802699504,0.50871615729247,2.03486462916988,2.03486462916988,0.308983868907328,7.08906851761076,0.0869902856434686,0.993615506581694,0.0720273515275912,0.929109314823892,0.412930094200185,13.5443213163769,15.5791859455468,14.3324058653609,13.6395885483899,-0.217065378577146,2.03486462916988,1.03232523550046,14.6093872469684,14.147751610956
"26",0.0956554815527348,-0.227236303289545,13.9335950398424,1.98400778763235,1.18941430058381,0.0956554815527349,10.4183211932081,0.17144960897507,0.17144960897507,0.17144960897507,-0.00802683846513481,0.17144960897507,0.053359620871496,0.532552817794106,0.773422397684875,0.814838998259382,0.053359620871496,0.532552817794106,2.13021127117642,2.13021127117642,0.416923615548844,9.56554815527348,0.117379281113796,1.04017285523286,0.101743175873568,0.904344518447265,0.452533616375898,10.2944963960552,12.4247076672317,11.1195078316172,10.3942275174766,-0.227236303289545,2.13021127117642,1.13133404093974,11.4094675923541,10.9262013244593
"27",0.116397050412782,-0.360749669955586,22.1203202972067,3.1497174712691,1.23440718107619,0.116397050412782,12.5862476559843,0.203979760910787,0.203979760910787,0.203979760910787,-0.00954981816975609,0.203979760910787,0.064685756821715,0.8454558117342,1.22784903055547,0.734889026306094,0.064685756821715,0.8454558117342,3.3818232469368,3.3818232469368,0.507327738144981,11.6397050412782,0.14283135560492,1.65132951376999,0.196546642541247,0.883602949587218,1.14053154113771,13.1973865326839,16.5792097796207,14.5071358939439,13.3557149714775,-0.360749669955586,3.3818232469368,2.85132885284428,14.9674623755491,14.2002515728737
"28",0.0413901386283009,-0.211854615248413,12.9904261487291,1.84970975330089,1.07852317617013,0.0413901386283009,4.60841726696566,0.0788874991585664,0.0788874991585664,0.0788874991585664,-0.0036933138340158,0.0788874991585664,0.0233224426658549,0.496504170680286,0.721069222276749,0.82518149241443,0.0233224426658549,0.496504170680286,1.98601668272114,1.98601668272114,0.180402899706961,4.13901386283009,0.0507900293692205,0.969763267783906,0.0410442687355659,0.958609861371699,0.393342862784525,23.1892861714001,25.1753028541212,23.9584523553518,23.2822664657067,-0.211854615248413,1.98601668272114,0.983357156961314,24.228784659914,23.7782308189771
"29",0.140518742858204,0.281035894321599,17.2324592789539,2.59911233364041,1.30502822679099,0.140518742858204,17.4785466461472,0.253765561090124,0.253765561090124,0.253765561090125,0.0118806638233915,0.255509984615468,0.0821014809461555,0.658637969618563,0.95653490254488,0.78061825155147,0.0821014809461555,0.658637969618563,2.63455187847425,2.63455187847425,0.612464454454945,14.0518742858204,0.172431195285105,1.28644016993595,0.184847576024291,0.859481257141796,0.692179925167113,7.74728191787212,10.3818337963464,9.36149583422387,10.2584907191417,0.281035894321599,2.63455187847425,1.73044981291778,9.00288631850688,9.60056884470186
"30",0.134712090551137,-0.331287144543165,20.3137476149155,2.89247917344713,1.27542848326214,0.134712090551137,14.4819842963884,0.23152287623381,0.23152287623381,0.23152287623381,-0.0108393173925664,0.23152287623381,0.0746181791400577,0.776407201540421,1.12757026032178,0.751152750252954,0.0746181791400577,0.776407201540421,3.10562880616168,3.10562880616168,0.587155601948015,13.4712090551137,0.165305825547611,1.51646497523911,0.208895397467134,0.865287909448863,0.961843872028302,10.3082888881977,13.4139176943594,11.5110706565427,10.4536865995646,-0.331287144543165,3.10562880616168,2.40460968007076,11.933802146962,11.2292496629299
"31",0.0723535201617199,-0.286474312054759,17.5659302484001,2.50121682955318,1.14062966931169,0.0723535201617199,7.95078003467988,0.133089763293185,0.133089763293185,0.133089763293185,-0.00623092719606479,0.133089763293185,0.0405344358671357,0.671383488913714,0.975045123059393,0.777318280380428,0.0405344358671357,0.671383488913714,2.68553395565485,2.68553395565485,0.315359775873168,7.23535201617199,0.0887853371785407,1.3113344954445,0.0970204003738785,0.92764647983828,0.719228329824876,17.4928320523969,20.1783660080517,18.5329149089586,17.6185619819286,-0.286474312054759,2.68553395565485,1.79807082456219,18.8984639949902,18.289215518271
"32",0.0702653244523952,0.368655135897532,22.6050648536078,3.40944388219208,1.13988274757102,0.0702653244523951,8.31305782085861,0.133450821832326,0.133450821832326,0.133450821832326,0.00624783104663321,0.133931678831146,0.0404639905703543,0.863983124942573,1.25475610629611,0.730644246144755,0.0404639905703543,0.863983124942573,3.45593249977029,3.45593249977029,0.306258174051998,7.02653244523952,0.0862229026247999,1.68751673808996,0.121249248781868,0.929734675547605,1.19106645242623,22.4407420378545,25.8966745376248,24.558223337305,25.7348764904441,0.368655135897532,3.45593249977029,2.97766613106557,24.0878092641493,24.8718327194089
"33",0.12473201961426,0.417557564325781,25.6036466133009,3.86170961564812,1.26536930852367,0.124732019614261,15.3277923968548,0.227770937833506,0.227770937833506,0.227770937833506,0.010663661095358,0.229175294708324,0.0726367329975483,0.978591247321924,1.42120060878125,0.705438724441233,0.0726367329975483,0.978591247321924,3.91436498928769,3.91436498928769,0.543656502984799,12.473201961426,0.153059234625485,1.91136731948769,0.243787830142757,0.87526798038574,1.52801679041917,13.2711681016327,17.1855330909204,15.6695351601883,17.0022723902958,0.417557564325781,3.91436498928769,3.82004197604794,15.1367202459643,16.0247451030043
"34",0.0853859332013637,-0.349741511883389,21.4453259653496,3.0536048738251,1.16769001618232,0.0853859332013636,9.33536624474967,0.154788528152589,0.154788528152589,0.154788528152589,-0.00724680866386502,0.154788528152589,0.0477206731623547,0.819657004434459,1.19038161937582,0.740882599516873,0.0477206731623547,0.819657004434459,3.27862801773784,3.27862801773784,0.372162801435469,8.53859332013637,0.104777471125701,1.6009397342891,0.13978199171647,0.914614066798636,1.0719876485041,17.9027092355359,21.1813372532737,19.1724920238383,18.0562063338551,-0.349741511883389,3.27862801773784,2.67996912126026,19.6187717935644,18.8749721773542
"35",0.11998167243027,0.362803956351821,22.2462843017544,3.35533025033621,1.25374285251685,0.11998167243027,14.6918223817273,0.219834962507415,0.219834962507415,0.219834962507415,0.0102921187373053,0.221142882280648,0.069801279002763,0.850270253762314,1.23484100801288,0.733781256899903,0.069801279002763,0.850270253762314,3.40108101504926,3.40108101504926,0.522951657941815,11.998167243027,0.147230061760046,1.66073299778775,0.203753293562771,0.88001832756973,1.15355802272322,12.0699840796785,15.4710650947278,14.1538573751673,15.3118350557803,0.362803956351821,3.40108101504926,2.88389505680805,13.6909095677294,14.4624892467926
"36",0.129351119885306,0.475192798659491,29.137703467804,4.39473920879177,1.27680889520349,0.129351119885306,15.9510712483778,0.235436683992411,0.235436683992411,0.235436683992411,0.0110225520050549,0.236937471680703,0.0753993911929198,1.11366564346509,1.6173681246412,0.677877495679684,0.0753993911929198,1.11366564346509,4.45466257386037,4.45466257386037,0.563789295735679,12.9351119885306,0.158727353800746,2.17519226907121,0.287711853927516,0.870648880114694,1.97895134278761,14.4661890891879,18.9208516630483,17.1956013957473,18.7122955916124,0.475192798659491,4.45466257386037,4.94737835696902,16.5892423404001,17.5998407659787
"37",0.114998499030934,0.435368940843472,26.6957982805608,4.02643508069233,1.2416944420759,0.114998499030934,14.0300222041084,0.211452321143988,0.211452321143988,0.211452321143988,0.0098996646014363,0.212662122248142,0.0668330270380003,1.02033413178172,1.48182348168034,0.696684992648904,0.0668330270380003,1.02033413178172,4.08133652712689,4.08133652712689,0.501232017448313,11.4998499030934,0.141115186775521,1.99289879179133,0.234351278525879,0.885001500969066,1.66115555114218,15.2201140554265,19.3014505825534,17.7207860950366,19.1103726954649,0.435368940843472,4.08133652712689,4.15288887785546,17.1652433754457,18.0911479080973
"38",0.0731891423383904,-0.346575874502181,21.2512165353239,3.02596558764498,1.14234798225319,0.0731891423383905,8.03992314600873,0.134500168374007,0.134500168374007,0.134500168374007,-0.00629695880629612,0.134500168374007,0.0409962313462153,0.812237991349534,1.17960704322698,0.742624325101393,0.0409962313462153,0.812237991349534,3.24895196539813,3.24895196539813,0.31900191549209,7.31891423383904,0.0898107329926451,1.58644904760844,0.118730609606881,0.92681085766161,1.05266957473852,20.9067944896079,24.155746455006,22.1650840129586,21.0589022299704,-0.346575874502181,3.24895196539813,2.63167393684631,22.6073243424882,21.8702571266056
"39",0.0518842484968301,-0.26674289136685,16.3560459937889,2.32894113355236,1.09923668400637,0.0518842484968301,5.75019597636214,0.0976915347915392,0.0976915347915392,0.0976915347915393,-0.00457367137709132,0.0976915347915392,0.0291780349756598,0.62514077358034,0.907887180084385,0.789426178599647,0.0291780349756598,0.62514077358034,2.50056309432136,2.50056309432136,0.226142486788982,5.18842484968301,0.0636673998272643,1.22101403213107,0.0647807686897716,0.94811575150317,0.623564128887588,23.0959545533667,25.596517647688,24.0643998789892,23.2130246134851,-0.26674289136685,2.50056309432136,1.55891032221897,24.4047711305866,23.8374857112577
"40",0.111227405586179,0.284178916559226,17.4251820016279,2.6281800364776,1.23267559211025,0.111227405586179,13.5327486787668,0.205068973769524,0.205068973769524,0.205068973769524,0.00960081236987994,0.20620663766337,0.064590934129014,0.666003981672129,0.967232505699892,0.778707691821757,0.064590934129014,0.666003981672129,2.66401592668852,2.66401592668852,0.484795344002756,11.1227405586179,0.136487660674842,1.30082733592856,0.147952181615852,0.888772594413821,0.70774877044079,10.3268128550588,12.9908287817473,11.9590796619413,12.8661062720846,0.284178916559226,2.66401592668852,1.76937192610197,11.5964595635717,12.2008263941877
"41",0.226484498859265,1.48461080582493,20.7772660869799,5.9398448423616,1.57049971283271,0.226484498859265,35.0836683361922,0.416434199286431,0.416434199286431,0.416434199286431,0.307145970038112,0.51327681470449,0.142849381430963,1.49953195268235,1.736336130738,0.402477521894212,0.142849381430963,1.49953195268235,5.9981278107294,5.9981278107294,0.892246908050488,22.6484498859265,0.283363181206302,1.89306637442471,0.601640424585115,0.773515501140735,2.82265008290886,8.40541498428436,14.4035427950138,11.7289745151987,11.6859512038991,1.48461080582493,5.9981278107294,7.05662520727214,9.13420085940128,13.4588236190637
"42",0.172143333696437,-2.48776742243409,34.8165360885354,8.82985436563526,1.40663044568459,0.172143333696437,18.6907661528634,0.319813745681618,0.319813745681618,0.319813745681617,-0.23588241147634,0.319813745681618,0.105846600038683,2.51277083943173,2.90958441330019,0.286716365766759,0.105846600038683,2.51277083943173,10.0510833577269,10.0510833577269,0.678167194689958,17.2143333696437,0.215374928109278,3.17221782053672,0.766277183274024,0.827856666303563,7.92595060211957,21.3768445954794,31.4279279532064,25.8586278409559,25.9307221513547,-2.48776742243409,10.0510833577269,19.8148765052989,30.2066989611147,22.95991376085
"43",0.0853526258434466,1.41493366081715,19.8021279724466,5.66107048023172,1.1826631793488,0.0853526258434468,11.3845302733842,0.17747210060911,0.17747210060911,0.17747210060911,0.130896647272703,0.192990017036266,0.0530597735366178,1.42915451443328,1.65484477698454,0.414090049853223,0.0530597735366178,1.42915451443328,5.7166180577331,5.7166180577331,0.336250899670302,8.53526258434466,0.106787845106958,1.80421921006176,0.216092091829187,0.914647374156553,2.56391702033372,26.4947438302079,32.211361887941,29.6623189519633,29.6213148510105,1.41493366081715,5.7166180577331,6.4097925508343,27.1893256439634,31.3109811572966
"44",0.268425737130338,-2.25554835985966,31.5666087441785,8.00563724430549,1.71579995499026,0.268425737130338,27.3906417812614,0.453719806100415,0.453719806100415,0.453719806100415,-0.334646410426927,0.453719806100415,0.165121340238186,2.27821784885262,2.63799111287957,0.307167914422598,0.165121340238186,2.27821784885262,9.11287139541046,9.11287139541046,1.05747649486838,26.8425737130338,0.335837424521326,2.87610917230697,1.08333358209861,0.731574262869662,6.51532515367494,10.971928238383,20.0847996337935,15.0353622866873,15.1007269996861,-2.25554835985966,9.11287139541046,16.2883128841873,18.9775654826885,12.4072268226866
"45",0.198530036761894,-1.41965123041357,19.8681507970174,5.03878035442795,1.48410958972485,0.198530036761894,21.1782286651241,0.359082068449565,0.359082068449565,0.359082068449566,-0.264845227472236,0.359082068449565,0.122056737045613,1.43391949817251,1.6603622408932,0.413282702660035,0.122056737045613,1.43391949817251,5.73567799269003,5.73567799269003,0.782118919167272,19.8530036761894,0.248388313836927,1.8102347074143,0.504305604669186,0.801469963238106,2.58104237570244,10.2374894156837,15.9731674083737,12.7950311864744,12.8361720003385,-1.41965123041357,5.73567799269003,6.45260593925609,15.2762697701117,11.1408721307163
"46",0.276915122757233,-1.64626294148,23.0396027363267,5.84309525469552,1.74692774067834,0.276915122757234,28.1111938908756,0.46437709582721,0.46437709582721,0.46437709582721,-0.342506820539071,0.46437709582721,0.170369904518894,1.66280878030818,1.92539742723913,0.377891397081168,0.170369904518894,1.66280878030818,6.65123512123272,6.65123512123272,1.09092085028783,27.6915122757233,0.346458810664044,2.09919327392045,0.815702483369612,0.723084877242766,3.47080498523261,7.67168300069718,14.3229181219299,10.6374721666132,10.6851800795116,-1.64626294148,6.65123512123272,8.67701246308152,13.5147782553927,8.71926810742689
"47",0.264890144249986,-1.88163451799695,26.3336498060482,6.67850162094706,1.70304382605823,0.264890144249986,27.0885017729852,0.44923118710275,0.44923118710275,0.44923118710275,-0.331335776385507,0.44923118710275,0.162936840929006,1.90054596931124,2.20067777064742,0.347025271162808,0.162936840929006,1.90054596931124,7.60218387724495,7.60218387724495,1.04354785148877,26.4890144249986,0.331413912753091,2.3993217757819,0.891840067478031,0.735109855750014,4.53421752784759,9.32046997115347,16.9226538483984,12.71028767711,12.7648165457551,-1.88163451799695,7.60218387724495,11.335543819619,15.9989715921005,10.517831733783
"48",0.107948788348098,-1.32926256082082,18.6031529726662,4.71796306997833,1.236952847288,0.107948788348098,12.2635536276352,0.214741816743187,0.214741816743187,0.214741816743187,-0.158385367302569,0.214741816743187,0.0664443688972431,1.34262237324052,1.55464759015278,0.429320428199217,0.0664443688972431,1.34262237324052,5.37048949296208,5.37048949296208,0.425269601745404,10.7948788348098,0.135058744539909,1.69497773207527,0.256752365486398,0.892051211651902,2.26283743187688,19.6385635848775,25.0090530778396,22.033267615569,22.0717890090068,-1.32926256082082,5.37048949296208,5.6570935796922,24.3565266548558,20.4844282560444
"49",0.268477023548829,1.70320035389689,23.8364471102516,6.8144094047473,1.71387591686444,0.26847702354883,43.8154927151413,0.477215520627709,0.477215520627709,0.477215520627709,0.351975952627328,0.608859159364689,0.170304999774191,1.72031844471799,1.9919889446808,0.369931884093762,0.170304999774191,1.72031844471799,6.88127377887197,6.88127377887197,1.05767854025583,26.8477023548829,0.335901590867234,2.17179566942387,0.818198674630409,0.731522976451171,3.7150382178839,7.5383615461079,14.4196353249799,11.3512718031535,11.3019138712674,1.70320035389689,6.88127377887197,9.28759554470976,8.37445162139498,13.3358185909926
"50",0.41827055316107,-2.23255947435699,31.244877156844,7.9240425947469,2.39530789059849,0.41827055316107,39.2075843036368,0.619990579237798,0.619990579237798,0.619990579237798,-0.457281386112826,0.619990579237798,0.25873034573351,2.25499791253493,2.61110431376221,0.309352390244549,0.25873034573351,2.25499791253493,9.01999165013972,9.01999165013972,1.64779757407783,41.827055316107,0.523313847727338,2.84679543839109,1.67088375411005,0.58172944683893,6.38319163240819,5.52860304178074,14.5485946919205,9.55062196383615,9.615320469925,-2.23255947435699,9.01999165013972,15.9579790810205,13.4526456365276,6.94927284870849
"51",0.146713038941181,-1.42741620466513,19.9768223327156,5.06634064450003,1.33641398374507,0.146713038941181,16.2113932964233,0.27989575118946,0.27989575118946,0.27989575118946,-0.206440422414735,0.27989575118946,0.0902358529190057,1.44176251464274,1.66944381654544,0.411960667510644,0.0902358529190057,1.44176251464274,5.76705005857095,5.76705005857095,0.577983288151221,14.6713038941181,0.183558140394633,1.82013603077543,0.3747185943781,0.853286961058819,2.60935431264538,14.8372286204121,20.6042786789831,17.4087592115357,17.4501250506408,-1.42741620466513,5.76705005857095,6.52338578161346,19.9035692649122,15.7455525092847
"52",0.174859104260033,2.6331861714875,36.8516849849759,10.5352306734673,1.4136725400864,0.174859104260033,25.5388645206329,0.335721030535466,0.335721030535466,0.335721030535466,0.247615017601101,0.395947045647999,0.109617665730556,2.65965112608269,3.07965984793765,0.275240505936028,0.109617665730556,2.65965112608269,10.6386045043308,10.6386045043308,0.688866107421503,17.4859104260033,0.218772729681584,3.35764510084735,0.823864374629587,0.825140895739967,8.8796314325881,21.050219062553,31.6888235668837,26.9450643395657,26.86875586335,2.6331861714875,10.6386045043308,22.1990785814703,22.3428331812189,30.0132184451302
"53",0.254400123115641,2.57153889616363,35.9889256423146,10.2885833710623,1.66406884908952,0.254400123115641,40.7791459090091,0.457296066487032,0.457296066487032,0.457296066487032,0.337284123581704,0.576803120745504,0.161054081731996,2.59738426207951,3.00755987999561,0.279991350807953,0.161054081731996,2.59738426207951,10.389537048318,10.389537048318,1.00222189333426,25.4400123115641,0.318289457108131,3.27903703499425,1.17056712635993,0.745599876884359,8.46872448111817,12.3299609087296,22.7194979570476,18.0867980366343,18.0122760689814,2.57153889616363,10.389537048318,21.1718112027954,13.5923127773033,21.083121542855
"54",0.317840354110079,-2.94264182654084,41.182545613187,10.4443440107275,1.90761804930498,0.317840354110079,31.4915040582154,0.513480673636894,0.513480673636894,0.513480673636894,-0.378723745240598,0.513480673636894,0.195746588080427,2.97221697894464,3.44158570259405,0.253637039324308,0.195746588080427,2.97221697894464,11.8888679157785,11.8888679157785,1.25214782749706,31.7840354110079,0.397661889930639,3.75224016418554,1.67352555392819,0.682159645889921,11.0893634089657,11.26461872194,23.1534866377186,16.5658710483031,16.6511474014388,-2.94264182654084,11.8888679157785,27.7234085224143,21.7089627326675,13.1371432587268
"55",0.240648833865894,2.16728650679133,30.3313759145807,8.67119215943683,1.61714283401897,0.240648833865894,37.9218029596842,0.437398502658237,0.437398502658237,0.437398502658237,0.322608439994566,0.545502735491566,0.15206390498279,2.18906891610901,2.5347638941047,0.315727673469322,0.15206390498279,2.18906891610901,8.75627566443604,8.75627566443604,0.94804800780747,24.0648833865894,0.301084707612593,2.76356415678337,0.933224210826223,0.759351166134106,6.01539932586678,11.262712995152,20.0189886595881,16.1145608313706,16.0517539046721,2.16728650679133,8.75627566443604,15.038498314667,12.3266199715015,18.6398547379499
"56",0.261249039667457,2.83640806232008,39.6957942181575,11.3483100983111,1.68807206478009,0.261249039667457,42.2418873425635,0.467043435392929,0.467043435392929,0.46704343539293,0.344473410828167,0.592397698832514,0.165548769871783,2.86491550755717,3.31733931936884,0.260660488601738,0.165548769871783,2.86491550755717,11.4596620302287,11.4596620302287,1.02920353952918,26.1249039667457,0.326858391369478,3.61677869099283,1.32589557875435,0.738750960332543,10.3031312160137,13.0769466913724,24.5366087216011,19.4267395206439,19.3445417712006,2.83640806232008,11.4596620302287,25.7578280400342,14.4693211263261,22.7316851168558
"57",0.23203326553169,2.57066359134046,35.9766756700345,10.2850813253955,1.58857295201785,0.23203326553169,36.1832313319386,0.424704548314778,0.424704548314778,0.424704548314778,0.313245863800963,0.525899297148664,0.146453738305234,2.59650015996634,3.00653616160159,0.280059987287851,0.146453738305234,2.59650015996634,10.3860006398653,10.3860006398653,0.914106549358835,23.203326553169,0.290305449591065,3.27792091074026,1.06728746148197,0.76796673446831,8.4629602643536,14.068648318044,24.4546489579094,19.8235259238464,19.7490293221087,2.57066359134046,10.3860006398653,21.157400660884,15.330570505122,22.8188295363293
"58",0.22016552520607,-2.48063329707523,34.7166933416704,8.80453315297812,1.5514743391289,0.22016552520607,23.1572075778557,0.389762981730359,0.389762981730359,0.389762981730359,-0.287474298013109,0.389762981730359,0.135363445146455,2.50556501222902,2.90124065103387,0.287304037699202,0.135363445146455,2.50556501222902,10.0222600489161,10.0222600489161,0.867352998169178,22.016552520607,0.275457278218032,3.16312090922851,0.977232254982483,0.77983447479393,7.88055757338635,15.6914698810585,25.7137299299746,20.1604007982924,20.2322883651493,-2.48063329707523,10.0222600489161,19.7013939334659,24.4960030340366,17.2699993077962
"59",0.126158430527964,-1.63011988426454,22.8136791515682,5.78579856251148,1.28259502333471,0.126158430527964,14.1444994532164,0.24602789658039,0.24602789658039,0.24602789658039,-0.181460785596151,0.24602789658039,0.0776211916193663,1.64650347657902,1.90651721069093,0.380210805592092,0.0776211916193663,1.64650347657902,6.58601390631608,6.58601390631608,0.497007389600754,12.6158430527964,0.157841505226421,2.07860883611688,0.367977895331492,0.873841569472036,3.40307012557449,20.1833646798399,26.769378586156,23.1200716724359,23.1673117672549,-1.63011988426454,6.58601390631608,8.50767531393623,25.9691632423514,21.2206772924923
"60",0.240673321092245,1.67497206324328,23.4413895613038,6.70146959184167,1.61722493145089,0.240673321092245,37.9267997915013,0.437434328866647,0.437434328866647,0.437434328866647,0.322634864038397,0.545558460343257,0.152079874413288,1.69180644437513,1.9589743655207,0.373835679908951,0.152079874413288,1.69180644437513,6.76722577750053,6.76722577750053,0.948144476449291,24.0673321092245,0.301115344492347,2.13580103188373,0.721309126752214,0.759326678907755,3.59291501085561,8.70304102811073,15.4702668056113,12.4527573463307,12.4042174568106,1.67497206324328,6.76722577750053,8.98228752713902,9.52527401746907,14.4044128989051
"61",0.300435709716366,-0.156161125788436,27.0944983646544,7.74899809628143,1.67509164444841,0.300435709716366,39.0302824818471,0.579957153883344,0.579957153883344,0.579957153883344,0.0798732539250771,0.774619281769784,0.186854905526052,2.47304536902561,3.17152271316087,0.864931347106189,0.186854905526052,2.47304536902561,9.89218147610243,9.89218147610243,1.01424872316567,30.0435709716366,0.430036064697826,5.66983555570783,1.07659480037702,0.699564290283634,5.13643083190857,7.16456385390206,17.0567453300045,11.9274931248735,12.0040778104887,-0.156161125788436,9.89218147610243,12.8410770797714,13.8492226948072,10.6463400782511
"62",0.213865105633539,0.24050465818297,41.7283945343633,12.5574273839823,1.43650115941951,0.213865105633539,29.2947455335112,0.459704608702675,0.459704608702675,0.459704608702676,-0.0633117510415652,0.459704608702675,0.133863117338697,3.80875155801752,4.88448057861503,0.806123534807802,0.133863117338697,3.80875155801752,15.2350062320701,15.2350062320701,0.721992770177982,21.3865105633539,0.306121094891344,8.73214671957833,1.18029676872442,0.786134894366461,12.1832334619578,17.9058541022749,33.140860334345,25.805445259171,25.6874967393782,0.24050465818297,15.2350062320701,30.4580836548945,22.8457783702222,27.7785565184702
"63",0.0544750966342311,-0.0676816937739218,11.7430092285517,3.35848831493296,1.09577309312352,0.0544750966342312,6.61395157759252,0.139502169503082,0.139502169503082,0.139502169503082,0.0192126127476996,0.139502169503082,0.0332701293498669,1.07184101363469,1.37456763317656,0.93660873444904,0.0332701293498669,1.07184101363469,4.28736405453876,4.28736405453876,0.183903894972261,5.44750966342311,0.0779742734401802,2.45735980636956,0.0846051935185863,0.945524903365769,0.964846040690853,26.44595048681,30.7333145413487,28.5102486196339,28.5434411393049,-0.0676816937739218,4.28736405453876,2.41211510172713,29.3431442049587,27.954984896084
"64",0.332263504029173,0.224433760559186,38.9400379111153,11.7183204351576,1.77067861696291,0.332263504029173,52.5795394827193,0.636239972002204,0.636239972002204,0.636239972002204,-0.0876246745138656,0.636239972002204,0.21357555000641,3.55424481862311,4.55809194266375,0.81670404084849,0.21357555000641,3.55424481862311,14.2169792744924,14.2169792744924,1.12169700144597,33.2263504029173,0.475593563262871,8.14865101090305,1.7111915322002,0.667736495970827,10.6094276292879,8.12833051444233,22.3453097889348,15.5000586282217,15.3899916130982,0.224433760559186,14.2169792744924,26.5235690732197,12.7381613123537,17.341323505467
"65",0.123707859887804,0.0754858115386123,13.0970507990471,3.94132739082316,1.2313401044247,0.123707859887804,15.8605779098515,0.293276131482951,0.293276131482951,0.293276131482951,-0.0403907750137242,0.293276131482951,0.0763947725833877,1.19543090964658,1.5330637801653,0.929812359467001,0.0763947725833877,1.19543090964658,4.7817236385863,4.7817236385863,0.417628580354898,12.3707859887804,0.177072297060043,2.74070858577772,0.214284331956465,0.876292140112196,1.20017959466878,11.5227864298175,16.3045100684039,14.0021855974124,13.9651657749957,0.0754858115386123,4.7817236385863,3.00044898667195,13.0732520013475,14.6214746614557
"66",0.278763558745895,0.131321393684271,22.784718465997,6.8566608131933,1.6090388586209,0.278763558745895,40.9243226883942,0.561490715392935,0.561490715392935,0.561490715392935,-0.0773300065131607,0.561490715392935,0.176811999942345,2.07967099920157,2.66704521173766,0.883922115839594,0.176811999942345,2.07967099920157,8.31868399680627,8.31868399680627,0.941085145271397,27.8763558745895,0.399015096765362,4.76796451983141,0.84003866974563,0.721236441254105,3.63234045820987,6.4966705028399,14.8153544996462,10.8100394333923,10.7456366724678,0.131321393684271,8.31868399680627,9.08085114552468,9.19398931763007,11.8874061772338
"67",0.36503112901272,0.20602741400974,35.7464727778893,10.7572731026637,1.87990762683669,0.36503112901272,61.0983244345872,0.678487766848244,0.678487766848244,0.678487766848245,-0.0934431540738077,0.678487766848244,0.236836936795528,3.26275274679685,4.18427198040906,0.829168548229969,0.236836936795528,3.26275274679685,13.0510109871874,13.0510109871874,1.23231807852136,36.503112901272,0.522496311643621,7.48036075883274,1.72576917815004,0.63496887098728,8.94057816878422,6.18442939195578,19.2354403791432,12.9515845484739,12.85054439107,0.20602741400974,13.0510109871874,22.3514454219605,10.4161970010258,14.6418429134393
"68",0.0967619678746984,0.0971250123016871,16.851527380382,5.07117117132496,1.17653052182778,0.0967619678746984,12.231148770213,0.236674661101185,0.236674661101185,0.236674661101185,-0.0325954687810763,0.236674661101185,0.0595770612446273,1.53812007102622,1.97254073941648,0.911473158288565,0.0595770612446273,1.53812007102622,6.15248028410487,6.15248028410487,0.326661242967963,9.67619678746984,0.13850262978571,3.52637601270064,0.215657007308785,0.903238032125302,1.98690798621688,19.8430371721323,25.9955174562372,23.0331952925132,22.9855631529847,0.0971250123016871,6.15248028410487,4.9672699655422,21.8379682014048,23.8300133532521
"69",0.349055636030359,-0.166093156296884,28.8177401958732,8.24184345144648,1.82996897937505,0.349055636030359,47.0647307546198,0.642542795634547,0.642542795634547,0.642542795634547,0.0884927162805035,0.890465586349976,0.218967835652976,2.63033395112264,3.373235272457,0.857564418931726,0.218967835652976,2.63033395112264,10.5213358044906,10.5213358044906,1.17838599643099,34.9055636030359,0.499629395656077,6.03044373801222,1.3303753459678,0.650944363969641,5.81057428864314,5.853193450172,16.3745292546626,10.919050601498,11.0005061628203,-0.166093156296884,10.5213358044906,14.5264357216079,12.9630044229616,9.55641472052224
"70",0.41253314909516,0.180344572491547,31.2904104640384,9.41629941917817,2.05439255617947,0.41253314909516,76.2268501101098,0.735512613105623,0.735512613105623,0.735512613105623,-0.101296768766989,0.735512613105623,0.271756148628247,2.85602647635464,3.66267151933263,0.847210232762062,0.271756148628247,2.85602647635464,11.4241059054186,11.4241059054186,1.39268138307623,41.253314909516,0.590489499939163,6.54787844432417,1.70722092002583,0.58746685090484,6.85049155182256,4.10806268266521,15.5321685880838,10.0316418798905,9.94319712568598,0.180344572491547,11.4241059054186,17.1262288795564,7.8123091491341,11.5111970337282
"71",0.208940503531154,0.162313547587471,28.1619649414417,8.47484868968986,1.4243310638215,0.208940503531154,28.4933029581358,0.451419908522607,0.451419908522607,0.451419908522607,-0.0621707599239544,0.451419908522607,0.130665547550104,2.57047818504545,3.29647407591566,0.860353045076027,0.130665547550104,2.57047818504545,10.2819127401818,10.2819127401818,0.70536767791063,20.8940503531154,0.299072144184681,5.89321522010102,0.778225043052045,0.791059496468846,5.54913284271522,12.494913328106,22.7768260682878,17.8262473440607,17.7466453819827,0.162313547587471,10.2819127401818,13.872832106788,15.8288056477049,19.1578751416312
"72",0.219482338475645,-0.254483570492262,44.1537844308022,12.6279360072689,1.45182908161279,0.219482338475645,27.3399385528084,0.461043815645223,0.461043815645223,0.461043815645223,0.0634961902117074,0.576142171300074,0.135085273466281,4.03012857599156,5.16838246309728,0.797140770530456,0.135085273466281,4.03012857599156,16.1205143039662,16.1205143039662,0.740956132566594,21.9482338475645,0.314161459694155,9.23968746405739,1.28170218119134,0.780517661524355,13.6406504698101,18.8447400968673,34.9652544008336,26.606513334344,26.7313174054083,-0.254483570492262,16.1205143039662,34.1016261745252,29.7382056810029,24.5187184365715
"73",0.330226396988245,-0.254039794889271,44.0767878204818,12.6059150575261,1.76789822337986,0.330226396988245,43.8358490272067,0.619006806103158,0.619006806103158,0.619006806103159,0.0852512767092679,0.845893027729422,0.206423162766907,4.02310072450596,5.15936969249046,0.797422860163937,0.206423162766907,4.02310072450596,16.0924028980238,16.0924028980238,1.11481987882575,33.0226396988245,0.472677699845449,9.22357503735777,1.92504698871608,0.669773603011755,13.5931180507878,9.90473112273201,25.9971340207559,17.6529691618771,17.7775555960944,-0.254039794889271,16.0924028980238,33.9827951269695,20.7792003753994,15.5688150195289
"74",0.272379861107414,0.211213397517747,36.6462589504555,11.0280479467284,1.59099677821344,0.272379861107414,39.6772666469508,0.552050298056502,0.552050298056502,0.552050298056503,-0.0760298469306421,0.552050298056502,0.172514023252844,3.34488056467448,4.28959566069555,0.825618344421713,0.172514023252844,3.34488056467448,13.3795222586979,13.3795222586979,0.919534254450138,27.2379861107414,0.389877633667967,7.66865136916583,1.32015295405104,0.727620138892586,9.39633532281356,10.8565343212924,24.2360565799903,17.7940277563668,17.6904442840722,0.211213397517747,13.3795222586979,23.4908383070339,15.1948211386718,19.5268321681635
"75",0.353698433985193,-0.245177829434921,42.5392059972324,12.1661682697878,1.84570621912209,0.353698433985193,47.8869897204351,0.64821671195156,0.64821671195156,0.64821671195156,0.0892741432457609,0.901399995886911,0.222083809276716,3.88275822558576,4.97938940239067,0.803098140973016,0.222083809276716,3.88275822558576,15.531032902343,15.531032902343,1.19405973875028,35.3698433985193,0.50627497904418,8.90181834808678,1.98994983379926,0.646301566014807,12.6612905066781,8.42859759774757,23.9596305000906,15.9065448430236,16.02678518384,-0.245177829434921,15.531032902343,31.6532262666951,18.923720099275,13.8950946721893
"76",0.285559630276524,-0.234814492544986,40.7411310089854,11.6519207102511,1.63105016237399,0.285559630276525,36.7488557538088,0.559572603759958,0.559572603759958,0.559572603759958,0.0770658390371813,0.738678103830208,0.177199301448155,3.7186392608056,4.76891731361302,0.80983824375026,0.177199301448155,3.7186392608056,14.8745570432224,14.8745570432224,0.964028179836065,28.5559630276524,0.408742821406337,8.52555046657874,1.53868423412289,0.714440369723476,11.6135602433975,11.7074395435926,26.581996586815,18.8693040226309,18.9844619660605,-0.234814492544986,14.8745570432224,29.0339006084937,21.7589473413146,16.9428751435085
"77",0.272158578577594,-0.22821069795951,39.5953496841299,11.324228453854,1.59260477374224,0.272158578577594,34.7518344548799,0.540674382412288,0.540674382412288,0.540674382412288,0.0744631253326816,0.706098255430641,0.168561108042654,3.61405828051897,4.63479888679485,0.814192549911308,0.168561108042654,3.61405828051897,14.4562331220759,14.4562331220759,0.91878722100481,27.2158578577594,0.389560895459982,8.28578253999455,1.42523284572527,0.727841421422406,10.9695188859694,12.2811777712931,26.737410893369,19.2416258839223,19.3535451882242,-0.22821069795951,14.4562331220759,27.4237972149236,22.0500024515844,17.3693748388142
"78",0.284353871779854,0.250608910629153,43.4815174706698,13.0849989384003,1.62504521953725,0.284353871779855,42.0383988661056,0.569662365077858,0.569662365077858,0.569662365077858,-0.0784554280135251,0.569662365077858,0.180590327748299,3.96876753250115,5.08969084442724,0.799610486940256,0.180590327748299,3.96876753250115,15.8750701300046,15.8750701300046,0.959957628379822,28.4353871779855,0.407016929236684,9.09900786696034,1.63524733449286,0.715646128220146,13.2284390024232,11.9924371922228,27.8675073222274,20.2239115811276,20.1010077243835,0.250608910629153,15.8750701300046,33.0710975060581,17.1399010656209,22.2799185914654
"79",0.166190281219972,0.170339873711591,29.5545604350139,8.89392584281142,1.32355484935328,0.166190281219972,21.8979015823161,0.375768089593282,0.375768089593282,0.375768089593282,-0.0517517886210305,0.375768089593282,0.103212351796805,2.69758708331528,3.45948311851419,0.854452644451583,0.103212351796805,2.69758708331528,10.7903483332611,10.7903483332611,0.561046090989088,16.6190281219972,0.237880558853449,6.18463185154804,0.649605568177867,0.833809718780028,6.11150573455807,17.9250977945359,28.715446127797,23.5200636891889,23.4365254487333,0.170339873711591,10.7903483332611,15.2787643363952,21.4238494707168,24.917539834837
"80",0.259540887441867,-0.136175232229514,23.6268763325106,6.75726183440032,1.55742455741755,0.259540887441867,32.917042586744,0.522397683166943,0.522397683166943,0.522397683166943,0.0719460093182299,0.675245934056127,0.160476320812729,2.15653880401344,2.7656232612652,0.880145924355086,0.160476320812729,2.15653880401344,8.62615521605377,8.62615521605377,0.876190829464696,25.9540887441867,0.371500251980871,4.94419574400151,0.811020263098165,0.740459112558133,3.90581645647252,7.8864662867049,16.5126215027587,12.0398238927841,12.1066070777555,-0.136175232229514,8.62615521605377,9.76454114118131,13.7156056800041,10.9226360346374
